--
-- PostgreSQL database dump
--

-- Dumped from database version 11.2
-- Dumped by pg_dump version 11.2

--
-- Data for Name: Teachers; Type: TABLE DATA; Schema: public; Owner: example_user
--

COPY public."Teachers" (id, first, last, "createdAt", "updatedAt") FROM stdin;
1	Steven	Hague	1970-01-01 00:00:00+00	1970-01-01 00:00:00+00
2	David	Brown	1970-01-01 00:00:00+00	1970-01-01 00:00:00+00
3	Mary	Perry	1970-01-01 00:00:00+00	1970-01-01 00:00:00+00
4	Christine	Cooper	1970-01-01 00:00:00+00	1970-01-01 00:00:00+00
5	Joy	Grey	1970-01-01 00:00:00+00	1970-01-01 00:00:00+00
6	Paul	Williams	1970-01-01 00:00:00+00	1970-01-01 00:00:00+00
\.

ALTER SEQUENCE public."Teachers_id_seq" RESTART WITH 7;

--
-- Data for Name: Students; Type: TABLE DATA; Schema: public; Owner: example_user
--

COPY public."Students" (id, first, last, "createdAt", "updatedAt") FROM stdin;
1	Gayle	Morrison	1970-01-01 00:00:00+00	1970-01-01 00:00:00+00
2	Dale	Palermo	1970-01-01 00:00:00+00	1970-01-01 00:00:00+00
3	Susan	Irvin	1970-01-01 00:00:00+00	1970-01-01 00:00:00+00
4	Candy	Johnson	1970-01-01 00:00:00+00	1970-01-01 00:00:00+00
5	Helen	Heath	1970-01-01 00:00:00+00	1970-01-01 00:00:00+00
6	Chris	Deans	1970-01-01 00:00:00+00	1970-01-01 00:00:00+00
7	Margaret	Franklin	1970-01-01 00:00:00+00	1970-01-01 00:00:00+00
8	Daisy	Barrett	1970-01-01 00:00:00+00	1970-01-01 00:00:00+00
9	Billy	Moore	1970-01-01 00:00:00+00	1970-01-01 00:00:00+00
10	Elisabeth	Brode	1970-01-01 00:00:00+00	1970-01-01 00:00:00+00
\.

ALTER SEQUENCE public."Students_id_seq" RESTART WITH 11;

--
-- Data for Name: Classes; Type: TABLE DATA; Schema: public; Owner: example_user
--

COPY public."Classes" (id, name, "createdAt", "updatedAt", "TeacherId") FROM stdin;
1	English	1970-01-01 00:00:00+00	1970-01-01 00:00:00+00	3
2	Geometry	1970-01-01 00:00:00+00	1970-01-01 00:00:00+00	1
3	Literature	1970-01-01 00:00:00+00	1970-01-01 00:00:00+00	3
4	Physics I	1970-01-01 00:00:00+00	1970-01-01 00:00:00+00	4
5	Physics II	1970-01-01 00:00:00+00	1970-01-01 00:00:00+00	4
6	History	1970-01-01 00:00:00+00	1970-01-01 00:00:00+00	2
7	Government	1970-01-01 00:00:00+00	1970-01-01 00:00:00+00	2
8	Calculus	1970-01-01 00:00:00+00	1970-01-01 00:00:00+00	5
9	Biology	1970-01-01 00:00:00+00	1970-01-01 00:00:00+00	6
10	Chemistry	1970-01-01 00:00:00+00	1970-01-01 00:00:00+00	6
11	Art	1970-01-01 00:00:00+00	1970-01-01 00:00:00+00	1
12	Algebra	1970-01-01 00:00:00+00	1970-01-01 00:00:00+00	5
\.

ALTER SEQUENCE public."Classes_id_seq" RESTART WITH 13;

--
-- Data for Name: Classes_Students; Type: TABLE DATA; Schema: public; Owner: example_user
--

COPY public."Classes_Students" ("createdAt", "updatedAt", "ClassId", "StudentId") FROM stdin;
1970-01-01 00:00:00+00	1970-01-01 00:00:00+00	12	3
1970-01-01 00:00:00+00	1970-01-01 00:00:00+00	7	6
1970-01-01 00:00:00+00	1970-01-01 00:00:00+00	2	3
1970-01-01 00:00:00+00	1970-01-01 00:00:00+00	2	5
1970-01-01 00:00:00+00	1970-01-01 00:00:00+00	4	4
1970-01-01 00:00:00+00	1970-01-01 00:00:00+00	12	9
1970-01-01 00:00:00+00	1970-01-01 00:00:00+00	12	8
1970-01-01 00:00:00+00	1970-01-01 00:00:00+00	6	2
1970-01-01 00:00:00+00	1970-01-01 00:00:00+00	1	10
1970-01-01 00:00:00+00	1970-01-01 00:00:00+00	12	6
1970-01-01 00:00:00+00	1970-01-01 00:00:00+00	5	2
1970-01-01 00:00:00+00	1970-01-01 00:00:00+00	8	2
1970-01-01 00:00:00+00	1970-01-01 00:00:00+00	9	1
1970-01-01 00:00:00+00	1970-01-01 00:00:00+00	11	2
1970-01-01 00:00:00+00	1970-01-01 00:00:00+00	2	8
1970-01-01 00:00:00+00	1970-01-01 00:00:00+00	3	9
1970-01-01 00:00:00+00	1970-01-01 00:00:00+00	5	9
1970-01-01 00:00:00+00	1970-01-01 00:00:00+00	9	4
1970-01-01 00:00:00+00	1970-01-01 00:00:00+00	3	4
1970-01-01 00:00:00+00	1970-01-01 00:00:00+00	10	9
1970-01-01 00:00:00+00	1970-01-01 00:00:00+00	10	7
1970-01-01 00:00:00+00	1970-01-01 00:00:00+00	6	8
1970-01-01 00:00:00+00	1970-01-01 00:00:00+00	5	7
1970-01-01 00:00:00+00	1970-01-01 00:00:00+00	3	2
1970-01-01 00:00:00+00	1970-01-01 00:00:00+00	11	10
1970-01-01 00:00:00+00	1970-01-01 00:00:00+00	2	6
1970-01-01 00:00:00+00	1970-01-01 00:00:00+00	6	5
1970-01-01 00:00:00+00	1970-01-01 00:00:00+00	10	10
1970-01-01 00:00:00+00	1970-01-01 00:00:00+00	3	5
1970-01-01 00:00:00+00	1970-01-01 00:00:00+00	5	4
1970-01-01 00:00:00+00	1970-01-01 00:00:00+00	4	5
1970-01-01 00:00:00+00	1970-01-01 00:00:00+00	12	5
1970-01-01 00:00:00+00	1970-01-01 00:00:00+00	5	1
1970-01-01 00:00:00+00	1970-01-01 00:00:00+00	6	3
1970-01-01 00:00:00+00	1970-01-01 00:00:00+00	2	4
1970-01-01 00:00:00+00	1970-01-01 00:00:00+00	7	10
1970-01-01 00:00:00+00	1970-01-01 00:00:00+00	2	2
1970-01-01 00:00:00+00	1970-01-01 00:00:00+00	4	2
1970-01-01 00:00:00+00	1970-01-01 00:00:00+00	8	6
1970-01-01 00:00:00+00	1970-01-01 00:00:00+00	6	10
1970-01-01 00:00:00+00	1970-01-01 00:00:00+00	7	9
1970-01-01 00:00:00+00	1970-01-01 00:00:00+00	5	3
1970-01-01 00:00:00+00	1970-01-01 00:00:00+00	11	6
1970-01-01 00:00:00+00	1970-01-01 00:00:00+00	1	5
1970-01-01 00:00:00+00	1970-01-01 00:00:00+00	3	3
1970-01-01 00:00:00+00	1970-01-01 00:00:00+00	8	8
1970-01-01 00:00:00+00	1970-01-01 00:00:00+00	12	1
1970-01-01 00:00:00+00	1970-01-01 00:00:00+00	1	3
1970-01-01 00:00:00+00	1970-01-01 00:00:00+00	1	8
1970-01-01 00:00:00+00	1970-01-01 00:00:00+00	1	6
1970-01-01 00:00:00+00	1970-01-01 00:00:00+00	1	4
1970-01-01 00:00:00+00	1970-01-01 00:00:00+00	11	4
1970-01-01 00:00:00+00	1970-01-01 00:00:00+00	3	1
1970-01-01 00:00:00+00	1970-01-01 00:00:00+00	6	4
1970-01-01 00:00:00+00	1970-01-01 00:00:00+00	9	9
1970-01-01 00:00:00+00	1970-01-01 00:00:00+00	9	6
1970-01-01 00:00:00+00	1970-01-01 00:00:00+00	9	3
1970-01-01 00:00:00+00	1970-01-01 00:00:00+00	9	7
1970-01-01 00:00:00+00	1970-01-01 00:00:00+00	8	7
1970-01-01 00:00:00+00	1970-01-01 00:00:00+00	3	10
1970-01-01 00:00:00+00	1970-01-01 00:00:00+00	1	9
1970-01-01 00:00:00+00	1970-01-01 00:00:00+00	1	1
1970-01-01 00:00:00+00	1970-01-01 00:00:00+00	4	3
1970-01-01 00:00:00+00	1970-01-01 00:00:00+00	9	8
1970-01-01 00:00:00+00	1970-01-01 00:00:00+00	9	5
\.
